minute_index,minute,attempts_per_min,required_pool_now,reactive_pool,predictive_pool,reactive_blocking,predictive_blocking,reactive_failures,predictive_failures,reactive_cumulative_failures,predictive_cumulative_failures,forecast_attempts_h15,forecast_attempts_h30
0,0,14.270381,23,10,10,0.553835,0.553835,7.903431,7.903431,7.903431,7.903431,1.971206,0
1,1,13.450436,22,10,10,0.529878,0.529878,7.127088,7.127088,15.030519,15.030519,1.151261,0
2,2,14.82283,24,10,10,0.568719,0.568719,8.430021,8.430021,23.46054,23.46054,4.014446,0
3,3,14.713089,23,10,10,0.565837,0.565837,8.325215,8.325215,31.785755,31.785755,6.398632,0
4,4,14.636098,23,10,10,0.563794,0.563794,8.251745,8.251745,40.0375,40.0375,8.35053,2.906199
5,5,13.959016,22,10,10,0.545012,0.545012,7.607832,7.607832,47.645332,47.645332,8.87312,4.092949
6,6,15.310771,24,10,10,0.581103,0.581103,8.897128,8.897128,56.542459,56.542459,11.874386,9.584173
7,7,15.834455,25,10,10,0.59366,0.59366,9.400289,9.400289,65.942748,65.942748,14.783566,14.789748
8,8,17.061426,26,10,10,0.620431,0.620431,10.585438,10.585438,76.528187,76.528187,18.620476,21.504032
9,9,15.938741,25,10,10,0.596076,0.596076,9.500696,9.500696,86.028882,86.028882,18.828813,21.724444
10,10,16.380907,26,18,18,0.304369,0.304369,4.985834,4.985834,91.014717,91.014717,19.449722,22.666252
11,11,16.20946,25,18,18,0.298644,0.298644,4.840864,4.840864,95.85558,95.85558,19.264037,22.180477
12,12,16.697513,26,18,18,0.314767,0.314767,5.255819,5.255819,101.111399,101.111399,19.719684,22.832038
13,13,17.692365,27,18,18,0.345978,0.345978,6.121166,6.121166,107.232565,107.232565,21.401449,25.619509
14,14,18.188241,28,18,18,0.360716,0.360716,6.560797,6.560797,113.793362,113.793362,22.898381,28.028237
15,15,15.039063,24,18,18,0.257853,0.257853,3.877875,3.877875,117.671237,117.671237,18.080331,19.340156
16,16,18.052469,28,18,18,0.356734,0.356734,6.439933,6.439933,124.11117,124.11117,20.092917,22.799191
17,17,17.453538,27,18,18,0.338687,0.338687,5.911278,5.911278,130.022448,130.022448,20.082616,22.64585
18,18,18.009031,27,18,18,0.355452,0.355452,6.401341,6.401341,136.423789,136.423789,20.789026,23.753907
19,19,18.452954,28,18,18,0.368366,0.368366,6.797446,6.797446,143.221235,143.221235,21.711016,25.219144
20,20,18.756704,28,26,26,0.141795,0.141795,2.659602,2.659602,145.880837,145.880837,22.482392,26.393647
21,21,19.845703,30,26,26,0.171601,0.171601,3.405542,3.405542,149.286379,149.286379,24.446351,29.635012
22,22,20.215125,30,26,26,0.181686,0.181686,3.672806,3.672806,152.959184,152.959184,25.819622,31.778803
23,23,19.138802,29,26,26,0.152241,0.152241,2.913701,2.913701,155.872886,155.872886,24.337119,28.886463
24,24,19.483594,29,26,26,0.161686,0.161686,3.150231,3.150231,159.023116,159.023116,23.619859,27.403791
25,25,19.973558,30,26,26,0.175096,0.175096,3.497288,3.497288,162.520405,162.520405,23.679541,27.319038
26,26,19.994139,30,26,26,0.175658,0.175658,3.512132,3.512132,166.032537,166.032537,23.43743,26.71337
27,27,21.663816,32,26,26,0.22057,0.22057,4.778379,4.778379,170.810916,170.810916,25.812827,30.706517
28,28,21.003072,31,26,26,0.203,0.203,4.263625,4.263625,175.074542,175.074542,25.73199,30.320368
29,29,20.721757,31,26,26,0.195429,0.195429,4.049629,4.049629,179.124171,179.124171,24.815267,28.486683
30,30,20.826978,31,28,33,0.149574,0.05733,3.11517,1.194001,182.239341,180.318172,24.116483,27.080241
31,31,23.363861,34,28,33,0.213536,0.105766,4.989032,2.471097,187.228372,182.789269,27.696834,33.197667
32,32,23.448892,34,28,33,0.215629,0.107529,5.05625,2.521446,192.284622,185.310715,29.55232,36.169726
33,33,21.410467,32,28,33,0.164432,0.067555,3.520561,1.446384,195.805183,186.757099,26.69126,30.832
34,34,21.873523,32,28,33,0.176203,0.076122,3.854175,1.665053,199.659358,188.422152,25.366192,28.306095
35,35,20.451358,30,28,33,0.140032,0.051127,2.863837,1.045612,202.523195,189.467764,21.915032,22.119569
36,36,22.546493,33,28,33,0.193196,0.08917,4.355892,2.010471,206.879088,191.478235,23.310237,24.550951
37,37,22.334125,33,28,33,0.187853,0.084984,4.195531,1.89804,211.074619,193.376274,23.698523,25.168416
38,38,23.038584,33,28,33,0.205489,0.099079,4.734174,2.282631,215.808792,195.658906,24.992611,27.359575
39,39,22.372111,33,28,33,0.18881,0.085728,4.224081,1.917922,220.032874,197.576828,24.459369,26.308053
40,40,23.211427,34,31,33,0.141534,0.10262,3.285208,2.381951,223.318082,199.958779,25.38481,27.835141
41,41,23.547585,34,31,33,0.149257,0.109584,3.514645,2.580433,226.832727,202.539212,26.303747,29.320764
42,42,23.93722,34,31,33,0.158223,0.117764,3.787421,2.818932,230.620148,205.358144,27.259799,30.843005
43,43,21.559776,32,31,33,0.104285,0.070277,2.248361,1.515148,232.868509,206.873292,23.541107,24.156134
44,44,24.244373,35,31,33,0.165289,0.124277,4.007335,3.013029,236.875844,209.886321,25.727957,27.95237
45,45,23.461155,34,31,33,0.14727,0.107784,3.455118,2.528743,240.330963,212.415064,25.555903,27.540054
46,46,24.66228,35,31,34,0.174884,0.114257,4.31303,2.817834,244.643993,215.232899,27.298042,30.48959
47,47,24.520488,35,31,34,0.171632,0.11137,4.208501,2.730857,248.852493,217.963756,27.848869,31.293959
48,48,23.680247,34,31,34,0.152309,0.094588,3.606716,2.239862,252.45921,220.203618,26.477159,28.721213
49,49,22.36202,33,31,34,0.122173,0.069853,2.732029,1.562054,255.191239,221.765672,23.232006,22.929992
50,50,22.232967,33,34,34,0.06757,0.06757,1.502275,1.502275,256.693515,223.267947,21.059929,19.143958
51,51,24.115203,35,34,34,0.1032,0.1032,2.488687,2.488687,259.182202,225.756634,23.060816,22.741309
52,52,22.998563,33,34,34,0.081502,0.081502,1.874439,1.874439,261.05664,227.631073,22.433944,21.660258
53,53,23.541705,34,34,34,0.091884,0.091884,2.163114,2.163114,263.219754,229.794187,23.030264,22.742504
54,54,24.808387,35,34,34,0.117244,0.117244,2.908641,2.908641,266.128395,232.702828,25.547117,27.161384
55,55,22.997199,33,34,34,0.081477,0.081477,1.873739,1.873739,268.002134,234.576567,23.902043,24.20179
56,56,23.472668,34,34,34,0.090545,0.090545,2.125334,2.125334,270.127468,236.701901,23.67068,23.781919
57,57,23.163552,34,34,34,0.084617,0.084617,1.960033,1.960033,272.087501,238.661933,23.000542,22.603616
58,58,22.591754,33,34,34,0.073986,0.073986,1.671469,1.671469,273.75897,240.333402,21.664935,20.286148
59,59,22.169256,32,34,34,0.066453,0.066453,1.473216,1.473216,275.232186,241.806618,20.258338,17.893544
60,60,24.292591,35,34,34,0.10676,0.10676,2.593489,2.593489,277.825675,244.400107,23.170232,23.107598
61,61,24.445085,35,34,34,0.109841,0.109841,2.685073,2.685073,280.510747,247.08518,25.209599,26.679621
62,62,22.732464,33,34,34,0.076558,0.076558,1.740355,1.740355,282.251103,248.825535,23.451009,23.528588
63,63,23.228495,34,34,34,0.085853,0.085853,1.994231,1.994231,284.245334,250.819767,23.204001,23.092445
64,64,21.316809,31,34,34,0.052251,0.052251,1.11383,1.11383,285.359164,251.933596,19.851162,17.230554
65,65,23.635352,34,34,34,0.093709,0.093709,2.214856,2.214856,287.57402,254.148452,21.924781,20.990419
66,66,22.443921,33,34,34,0.071317,0.071317,1.600623,1.600623,289.174642,255.749075,21.269565,19.890508
67,67,22.14457,32,34,34,0.066022,0.066022,1.462037,1.462037,290.636679,257.211112,20.485275,18.586954
68,68,21.827396,32,34,34,0.060587,0.060587,1.322458,1.322458,291.959138,258.53357,19.636916,17.197241
69,69,20.886494,31,34,34,0.045661,0.045661,0.953693,0.953693,292.912831,259.487263,17.748152,14.013889
70,70,22.023518,32,34,34,0.063926,0.063926,1.407876,1.407876,294.320707,260.895139,18.82649,16.087694
71,71,21.962396,32,34,34,0.062878,0.062878,1.380945,1.380945,295.701651,262.276084,19.617792,17.609411
72,72,21.290462,31,34,34,0.051836,0.051836,1.10361,1.10361,296.805261,263.379694,19.144844,16.882172
73,73,21.030741,31,34,34,0.047823,0.047823,1.005759,1.005759,297.81102,264.385453,18.614436,16.06709
74,74,21.258606,31,34,34,0.051336,0.051336,1.091325,1.091325,298.902345,265.476778,18.892581,16.681212
75,75,20.411899,30,34,34,0.038895,0.038895,0.793922,0.793922,299.696268,266.2707,17.830184,14.932586
76,76,22.296281,33,34,34,0.068686,0.068686,1.53145,1.53145,301.227718,267.802151,20.596619,19.918728
77,77,21.428155,32,34,34,0.054023,0.054023,1.157615,1.157615,302.385333,268.959766,20.885472,20.458114
78,78,20.017087,30,34,34,0.033695,0.033695,0.674477,0.674477,303.05981,269.634242,18.727997,16.703902
79,79,20.63638,31,34,34,0.042027,0.042027,0.867286,0.867286,303.927096,270.501529,18.625358,16.625487
80,80,20.620922,31,34,34,0.041807,0.041807,0.862107,0.862107,304.789203,271.363636,18.708784,16.871476
81,81,18.216337,28,34,34,0.015269,0.015269,0.278153,0.278153,305.067356,271.641789,14.878087,10.259622
82,82,20.192364,30,34,34,0.035954,0.035954,0.726001,0.726001,305.793357,272.36779,16.256422,12.902631
83,83,20.761678,31,34,34,0.043829,0.043829,0.909958,0.909958,306.703315,273.277748,18.342922,16.721697
84,84,19.686341,30,34,34,0.029652,0.029652,0.583737,0.583737,307.287053,273.861485,17.949702,16.114622
85,85,18.741304,28,34,34,0.01973,0.01973,0.36976,0.36976,307.656812,274.231245,16.27985,13.284135
86,86,20.757751,31,34,34,0.043772,0.043772,0.908602,0.908602,308.565414,275.139847,18.905729,18.029209
87,87,18.738655,28,34,34,0.019705,0.019705,0.369251,0.369251,308.934665,275.509098,17.192227,15.074407
88,88,21.026626,31,34,34,0.047761,0.047761,1.004251,1.004251,309.938916,276.513349,20.172087,20.395053
89,89,19.592734,29,34,34,0.028561,0.028561,0.559581,0.559581,310.498497,277.07293,19.563249,19.318438
90,90,18.31567,28,34,34,0.016057,0.016057,0.294086,0.294086,310.792583,277.367016,17.067132,14.962473
91,91,20.787924,31,34,34,0.044211,0.044211,0.919053,0.919053,311.711636,278.286069,19.877648,19.986109
92,92,18.979025,29,34,34,0.021996,0.021996,0.417458,0.417458,312.129094,278.703527,18.54526,17.649008
93,93,19.260073,29,34,34,0.024875,0.024875,0.479085,0.479085,312.608179,279.182612,18.281072,17.231491
94,94,20.923627,31,34,34,0.046213,0.046213,0.96694,0.96694,313.57512,280.149552,21.00485,22.050581
95,95,19.306155,29,34,34,0.025367,0.025367,0.489742,0.489742,314.064862,280.639294,19.860465,19.995622
96,96,19.781253,30,34,34,0.030782,0.030782,0.608914,0.608914,314.673776,281.248209,19.948325,20.142618
97,97,19.70223,30,34,34,0.029839,0.029839,0.587904,0.587904,315.26168,281.836113,19.852491,19.965194
98,98,20.12962,30,34,34,0.035136,0.035136,0.707281,0.707281,315.968962,282.543394,20.5023,21.096725
99,99,18.991655,29,34,34,0.02212,0.02212,0.420105,0.420105,316.389066,282.963499,18.936103,18.32616
100,100,20.356002,30,34,34,0.038135,0.038135,0.77627,0.77627,317.165336,283.739769,20.324478,20.786313
101,101,20.664953,31,34,34,0.042435,0.042435,0.876908,0.876908,318.042245,284.616677,21.651422,23.085372
102,102,19.900684,30,34,34,0.032239,0.032239,0.641579,0.641579,318.683824,285.258256,21.054213,21.96856
103,103,19.820173,30,34,34,0.031253,0.031253,0.619438,0.619438,319.303262,285.877695,20.475678,20.910405
104,104,19.973775,30,34,34,0.033149,0.033149,0.662113,0.662113,319.965375,286.539808,20.343116,20.656686
105,105,20.557639,31,34,34,0.040914,0.040914,0.841101,0.841101,320.806477,287.380909,21.216097,22.168724
106,106,21.453845,32,34,34,0.054436,0.054436,1.167854,1.167854,321.97433,288.548763,23.172742,25.545221
107,107,21.209743,31,34,34,0.050573,0.050573,1.072635,1.072635,323.046965,289.621398,23.753117,26.442254
108,108,21.532829,32,34,34,0.055713,0.055713,1.199651,1.199651,324.246617,290.821049,24.418876,27.472875
109,109,20.528796,31,34,34,0.040511,0.040511,0.831632,0.831632,325.078249,291.652681,22.875812,24.619814
110,110,22.367431,33,34,34,0.069949,0.069949,1.564587,1.564587,326.642835,293.217268,24.872593,28.02698
111,111,22.849532,33,34,34,0.078721,0.078721,1.798735,1.798735,328.44157,295.016003,26.630222,30.945111
112,112,21.97601,32,34,34,0.063111,0.063111,1.386919,1.386919,329.828489,296.402922,25.864552,29.389444
113,113,23.258607,34,34,34,0.086428,0.086428,2.010185,2.010185,331.838674,298.413107,27.248588,31.635264
114,114,21.526161,32,34,34,0.055604,0.055604,1.196948,1.196948,333.035622,299.610055,24.805662,27.140809
115,115,20.418897,30,34,34,0.038991,0.038991,0.79615,0.79615,333.831772,300.406205,21.253083,20.807038
116,116,23.238846,34,34,34,0.08605,0.08605,1.999708,1.999708,335.83148,302.405913,23.86003,25.391498
117,117,23.477475,34,34,34,0.090638,0.090638,2.127955,2.127955,337.959435,304.533867,25.720777,28.571231
118,118,23.10436,34,34,34,0.083496,0.083496,1.929111,1.929111,339.888546,306.462978,25.984739,28.890642
119,119,23.080466,33,34,34,0.083044,0.083044,1.916696,1.916696,341.805242,308.379675,25.855743,28.519605
120,120,22.984945,33,34,34,0.081247,0.081247,1.867457,1.867457,343.6727,310.247132,25.387327,27.566684
121,121,22.991013,33,34,34,0.081361,0.081361,1.870567,1.870567,345.543266,312.117699,24.92404,26.646963
122,122,23.07545,33,34,34,0.082949,0.082949,1.914095,1.914095,347.457361,314.031794,24.634814,26.05467
123,123,23.351405,34,34,34,0.088206,0.088206,2.05973,2.05973,349.517092,316.091524,24.79968,26.272194
124,124,21.812504,32,34,34,0.060337,0.060337,1.316091,1.316091,350.833183,317.407615,22.188294,21.628642
125,125,22.559069,33,34,34,0.073393,0.073393,1.65567,1.65567,352.488853,319.063285,21.896353,21.145728
126,126,21.807021,32,34,34,0.060244,0.060244,1.313751,1.313751,353.802604,320.377036,20.519254,18.773337
127,127,22.37713,33,34,34,0.070122,0.070122,1.569133,1.569133,355.371736,321.946169,20.786493,19.3283
128,128,21.324781,31,34,34,0.052377,0.052377,1.116933,1.116933,356.488669,323.063101,19.307158,16.812374
129,129,22.89429,33,34,34,0.079553,0.079553,1.821309,1.821309,358.309978,324.88441,21.2554,20.346536
130,130,22.630587,33,34,34,0.074693,0.074693,1.690339,1.690339,360.000317,326.574749,22.080025,21.835074
131,131,21.435639,32,34,34,0.054143,0.054143,1.160593,1.160593,361.160909,327.735342,20.597043,19.252103
132,132,21.655416,32,34,34,0.05772,0.05772,1.249953,1.249953,362.410862,328.985295,20.176581,18.58354
133,133,22.016572,32,34,34,0.063807,0.063807,1.404801,1.404801,363.815664,330.390096,20.663677,19.51561
134,134,20.836662,31,34,34,0.044925,0.044925,0.936085,0.936085,364.751749,331.326181,19.077587,16.797356
135,135,21.545905,32,34,34,0.055925,0.055925,1.204962,1.204962,365.956711,332.531143,19.496945,17.645245
136,136,21.468564,32,34,34,0.054673,0.054673,1.173743,1.173743,367.130454,333.704886,19.782353,18.237294
137,137,18.736622,28,34,34,0.019687,0.019687,0.36886,0.36886,367.499314,334.073746,15.499868,10.820199
138,138,19.229027,29,34,34,0.024546,0.024546,0.471994,0.471994,367.971307,334.54574,14.115155,8.630934
139,139,19.314637,29,34,34,0.025458,0.025458,0.491721,0.491721,368.463028,335.037461,13.885412,8.503094
140,140,20.690027,31,34,34,0.042794,0.042794,0.885405,0.885405,369.348434,335.922866,16.51887,13.380763
141,141,19.49783,29,34,34,0.027478,0.027478,0.535769,0.535769,369.884203,336.458635,16.393763,13.31873
142,142,18.731843,28,34,34,0.019643,0.019643,0.367944,0.367944,370.252146,336.826579,15.295084,11.549793
143,143,17.542629,27,34,34,0.010608,0.010608,0.186097,0.186097,370.438244,337.012676,12.948658,7.630813
144,144,17.984292,27,34,34,0.013532,0.013532,0.243368,0.243368,370.681612,337.256045,12.715619,7.488886
145,145,18.59058,28,34,34,0.018373,0.018373,0.341562,0.341562,371.023174,337.597606,14.041588,10.07067
146,146,16.615316,26,34,34,0.005974,0.005974,0.099261,0.099261,371.122435,337.696868,11.874322,6.4765
147,147,17.278495,27,34,34,0.009089,0.009089,0.157051,0.157051,371.279486,337.853919,12.129692,7.193289
148,148,17.190833,27,34,34,0.008622,0.008622,0.148214,0.148214,371.427701,338.002133,12.563034,8.198457
149,149,16.111455,25,34,34,0.004204,0.004204,0.067725,0.067725,371.495426,338.069858,11.389753,6.363443
150,150,16.868799,26,34,34,0.007053,0.007053,0.118968,0.118968,371.614394,338.188826,12.37821,8.344559
151,151,16.343284,25,34,34,0.00496,0.00496,0.081056,0.081056,371.69545,338.269882,12.44586,8.664629
152,152,15.593079,25,34,34,0.002836,0.002836,0.044215,0.044215,371.739665,338.314098,11.552136,7.289673
153,153,14.959813,24,34,34,0.001671,0.001671,0.024997,0.024997,371.764662,338.339094,10.309328,5.327883
154,154,13.550771,22,34,34,0.000415,0.000415,0.005628,0.005628,371.77029,338.344722,7.61195,0.856544
155,155,14.601646,23,34,34,0.001208,0.001208,0.017641,0.017641,371.787931,338.362363,8.311802,2.419054
156,156,13.223818,22,34,34,0.000287,0.000287,0.00379,0.00379,371.791721,338.366153,6.931311,0.297834
157,157,14.406646,23,34,34,0.001004,0.001004,0.014471,0.014471,371.806192,338.380624,8.646349,3.630823
158,158,11.853824,20,34,34,0.000048,0.000048,0.00057,0.00057,371.806762,338.381194,5.836194,0
159,159,14.619223,23,34,34,0.001228,0.001228,0.017954,0.017954,371.824715,338.399148,9.357656,5.470005
160,160,12.502435,21,34,34,0.000118,0.000118,0.00147,0.00147,371.826186,338.400618,8.285872,3.788765
161,161,13.114656,21,34,34,0.000252,0.000252,0.003306,0.003306,371.829492,338.403925,9.046959,5.345524
162,162,14.703449,23,34,34,0.001327,0.001327,0.019517,0.019517,371.849009,338.423442,12.499249,11.572102
163,163,13.141039,21,34,34,0.00026,0.00026,0.003418,0.003418,371.852427,338.42686,12.061881,10.853066
164,164,14.046224,23,34,34,0.000703,0.000703,0.009872,0.009872,371.862299,338.436732,13.419567,13.289458
165,165,13.495832,22,34,34,0.000391,0.000391,0.005274,0.005274,371.867573,338.442005,13.335006,13.147981
166,166,12.469202,21,34,34,0.000113,0.000113,0.001404,0.001404,371.868977,338.443409,11.574732,10.076852
167,167,14.804823,24,34,34,0.001456,0.001456,0.021549,0.021549,371.890526,338.464958,14.552751,15.36328
168,168,13.556724,22,34,34,0.000418,0.000418,0.005667,0.005667,371.896193,338.470626,14.20437,14.713087
169,169,13.144648,21,34,34,0.000261,0.000261,0.003434,0.003434,371.899627,338.474059,13.255619,13.027337
170,170,13.104477,21,34,34,0.000249,0.000249,0.003264,0.003264,371.902891,338.477324,12.628535,11.941354
171,171,14.204307,23,29,29,0.010989,0.010989,0.156096,0.156096,372.058987,338.633419,14.15252,14.642686
172,172,11.861712,20,29,29,0.001574,0.001574,0.018673,0.018673,372.07766,338.652093,11.105221,9.285405
173,173,13.4378,22,29,29,0.006394,0.006394,0.085919,0.085919,372.163579,338.738012,12.049161,11.028291
174,174,15.449182,24,29,29,0.022657,0.022657,0.350037,0.350037,372.513617,339.088049,16.092414,18.155027
175,175,12.894663,21,29,29,0.004136,0.004136,0.053328,0.053328,372.566945,339.141377,14.091877,14.550956
176,176,12.35112,20,29,29,0.002548,0.002548,0.031472,0.031472,372.598416,339.172849,11.917847,10.723451
177,177,13.04555,21,29,29,0.004689,0.004689,0.061177,0.061177,372.659593,339.234025,11.859947,10.681846
178,178,14.270746,23,29,29,0.011475,0.011475,0.163755,0.163755,372.823348,339.39778,13.984285,14.458342
179,179,12.472372,21,29,29,0.002851,0.002851,0.035564,0.035564,372.858912,339.433344,12.219196,11.345733
180,180,12.0734,20,29,29,0.00195,0.00195,0.023538,0.023538,372.88245,339.456883,11.365705,9.739905
181,181,12.323467,20,29,29,0.002483,0.002483,0.030595,0.030595,372.913045,339.487477,10.856296,9.06502
182,182,15.489881,24,29,29,0.023134,0.023134,0.358337,0.358337,373.271382,339.845814,15.260728,16.635895
183,183,14.319131,23,29,29,0.011838,0.011838,0.169507,0.169507,373.440888,340.015321,16.088809,18.034385
184,184,14.198116,23,29,29,0.010945,0.010945,0.155396,0.155396,373.596284,340.170717,16.26621,18.260262
185,185,14.301018,23,29,29,0.011701,0.011701,0.167336,0.167336,373.763621,340.338053,16.199186,18.154985
186,186,15.510278,24,29,29,0.023375,0.023375,0.362547,0.362547,374.126167,340.7006,17.962941,20.920728
187,187,14.819797,24,29,29,0.016066,0.016066,0.238099,0.238099,374.364266,340.938699,17.814129,20.42601
188,188,14.455419,23,29,29,0.012903,0.012903,0.186512,0.186512,374.550778,341.125211,17.220676,19.054422
189,189,14.827712,24,29,29,0.01614,0.01614,0.239322,0.239322,374.790101,341.364533,16.776651,18.370934
190,190,14.578609,23,29,29,0.01392,0.01392,0.202934,0.202934,374.993035,341.567467,16.290044,17.3667
191,191,15.802695,25,29,29,0.026998,0.026998,0.426642,0.426642,375.419677,341.994109,17.407261,19.296287
192,192,14.833831,24,29,29,0.016198,0.016198,0.240271,0.240271,375.659948,342.234381,16.78763,18.036952
193,193,16.065873,25,29,29,0.030527,0.030527,0.490442,0.490442,376.15039,342.724822,18.069625,20.053827
194,194,14.807136,24,29,29,0.015948,0.015948,0.236151,0.236151,376.386541,342.960973,17.007625,18.014297
195,195,15.948948,25,29,29,0.028928,0.028928,0.461371,0.461371,376.847912,343.422344,17.009445,18.486762
196,196,15.596999,25,29,29,0.024416,0.024416,0.380822,0.380822,377.228734,343.803166,17.508194,18.788496
197,197,16.4263,26,29,29,0.035764,0.035764,0.587472,0.587472,377.816205,344.390638,18.252746,20.12627
198,198,17.69688,27,29,29,0.057681,0.057681,1.020782,1.020782,378.836987,345.411419,20.413748,23.722691
199,199,16.358774,25,29,29,0.034748,0.034748,0.568433,0.568433,379.405419,345.979852,19.718009,22.266453
200,200,15.63709,25,29,29,0.024907,0.024907,0.389478,0.389478,379.794898,346.36933,18.135491,19.319505
201,201,16.10951,25,29,29,0.031136,0.031136,0.501591,0.501591,380.296488,346.870921,17.885295,18.642778
202,202,18.184862,28,29,29,0.067353,0.067353,1.224812,1.224812,381.521301,348.095733,20.321919,22.80804
203,203,16.379166,26,29,29,0.035053,0.035053,0.57414,0.57414,382.095441,348.669874,18.943053,20.448313
204,204,16.334245,25,29,29,0.034383,0.034383,0.561616,0.561616,382.657057,349.231489,18.133272,18.899042
205,205,17.911035,27,29,29,0.06185,0.06185,1.1078,1.1078,383.764857,350.339289,19.700702,21.522912
206,206,17.098356,26,29,29,0.046722,0.046722,0.798873,0.798873,384.56373,351.138163,19.374669,20.857848
207,207,18.22477,28,29,29,0.068171,0.068171,1.242398,1.242398,385.806129,352.380561,20.88863,23.157623
208,208,16.289622,25,29,29,0.033724,0.033724,0.549348,0.549348,386.355477,352.929909,18.712283,19.344591
209,209,17.934476,27,29,29,0.062314,0.062314,1.117566,1.117566,387.473043,354.047475,19.511442,20.75792
210,210,16.804459,26,29,29,0.041745,0.041745,0.701507,0.701507,388.17455,354.748983,18.472268,18.85968
211,211,16.473094,26,29,29,0.036478,0.036478,0.6009,0.6009,388.77545,355.349882,17.914255,17.4452
212,212,19.088581,29,29,29,0.08671,0.08671,1.655173,1.655173,390.430622,357.005055,20.719225,22.363322
213,213,16.682547,26,29,29,0.039764,0.039764,0.663365,0.663365,391.093987,357.66842,18.677542,19.044512
214,214,18.101325,28,29,29,0.065655,0.065655,1.188438,1.188438,392.282425,358.856857,19.634301,20.624086
215,215,17.994494,27,29,29,0.063507,0.063507,1.142785,1.142785,393.42521,359.999643,19.618207,20.78109
216,216,15.650031,25,29,29,0.025067,0.025067,0.3923,0.3923,393.81751,360.391943,17.088098,15.949557
217,217,17.678337,27,29,29,0.057326,0.057326,1.013434,1.013434,394.830945,361.405377,17.971115,17.586805
218,218,17.189567,26,29,29,0.048323,0.048323,0.830648,0.830648,395.661593,362.236026,18.086306,17.691369
219,219,17.310115,27,29,29,0.050478,0.050478,0.873774,0.873774,396.535367,363.109799,18.107333,17.857882
220,220,18.111906,28,29,29,0.065869,0.065869,1.193012,1.193012,397.728379,364.302811,19.466467,20.110351
221,221,18.014002,28,29,29,0.063897,0.063897,1.151049,1.151049,398.879428,365.45386,20.073785,21.085497
222,222,18.820249,28,29,29,0.080791,0.080791,1.520503,1.520503,400.39993,366.974363,21.4546,23.387049
223,223,17.039849,26,29,29,0.045709,0.045709,0.77888,0.77888,401.17881,367.753243,19.222958,19.777331
224,224,17.566322,27,29,29,0.055202,0.055202,0.969689,0.969689,402.148499,368.722932,19.412616,19.638555
225,225,16.505933,26,29,29,0.036983,0.036983,0.610438,0.610438,402.758937,369.333369,17.586543,16.560862
226,226,17.000224,26,29,29,0.045029,0.045029,0.765511,0.765511,403.524448,370.09888,17.577087,16.397412
227,227,19.156076,29,29,29,0.088219,0.088219,1.689932,1.689932,405.21438,371.788813,20.305312,21.254184
228,228,16.784116,26,29,29,0.041411,0.041411,0.695051,0.695051,405.909431,372.483864,18.615304,18.387866
229,229,18.929124,29,29,29,0.083177,0.083177,1.574461,1.574461,407.483892,374.058324,20.236743,21.454265
230,230,18.199585,28,29,29,0.067655,0.067655,1.231285,1.231285,408.715177,375.289609,20.314604,21.550939
231,231,17.771529,27,29,29,0.059121,0.059121,1.050663,1.050663,409.765839,376.340272,20.126273,20.848974
232,232,17.941857,27,29,29,0.06246,0.06246,1.120651,1.120651,410.88649,377.460922,19.673838,20.205323
233,233,16.594802,26,29,29,0.038369,0.038369,0.636726,0.636726,411.523216,378.097648,17.85618,16.908229
234,234,16.296917,25,29,29,0.033831,0.033831,0.551342,0.551342,412.074558,378.64899,16.643378,14.624221
235,235,17.760248,27,29,29,0.058902,0.058902,1.046116,1.046116,413.120674,379.695106,17.425602,16.392916
236,236,18.515646,28,29,29,0.07424,0.07424,1.374603,1.374603,414.495277,381.069709,19.329764,19.698383
237,237,17.493066,27,29,29,0.053831,0.053831,0.941675,0.941675,415.436952,382.011384,18.988735,19.134154
238,238,18.714479,28,29,29,0.078495,0.078495,1.468989,1.468989,416.905941,383.480374,20.284279,21.488432
239,239,19.644045,29,29,29,0.099342,0.099342,1.951485,1.951485,418.857426,385.431859,22.173599,24.804246
240,240,19.268277,29,29,29,0.090744,0.090744,1.74849,1.74849,420.605916,387.180348,23.132225,25.99996
241,241,18.369146,28,29,29,0.071159,0.071159,1.307137,1.307137,421.913053,388.487485,22.040897,23.921587
242,242,18.361427,28,29,29,0.070998,0.070998,1.303632,1.303632,423.216685,389.791117,20.805432,21.948072
243,243,19.200847,29,29,29,0.089224,0.089224,1.713183,1.713183,424.929867,391.5043,21.391977,22.835547
244,244,19.110347,29,29,29,0.087196,0.087196,1.666344,1.666344,426.596211,393.170643,21.020093,22.428
245,245,18.000599,27,29,29,0.063629,0.063629,1.145368,1.145368,427.741579,394.316011,19.984554,20.162852
246,246,18.872756,29,29,29,0.081939,0.081939,1.546407,1.546407,429.287986,395.862419,19.906333,20.213636
247,247,20.151552,30,29,29,0.111245,0.111245,2.241767,2.241767,431.529753,398.104186,21.602043,23.215157
248,248,19.263592,29,29,30,0.090639,0.073098,1.746025,1.408121,433.275779,399.512307,21.30538,22.667676
249,249,18.875601,29,29,30,0.082001,0.065342,1.547817,1.233364,434.823596,400.745671,20.334235,21.055305
250,250,18.884123,29,29,30,0.082188,0.065508,1.552044,1.23707,436.37564,401.982741,20.066978,20.363943
251,251,20.146476,30,29,30,0.111125,0.091832,2.238776,1.850094,438.614416,403.832836,21.366282,22.632961
252,252,20.220985,30,29,30,0.112896,0.093471,2.28286,1.890084,440.897276,405.72292,22.008582,23.804523
253,253,20.020857,30,29,30,0.108152,0.089087,2.165302,1.783595,443.062578,407.506514,22.017075,23.772442
254,254,21.553294,32,29,30,0.14521,0.123852,3.129747,2.669428,446.192325,410.175942,23.964357,27.05482
255,255,20.058744,30,29,30,0.109047,0.089912,2.187349,1.803529,448.379674,411.979471,22.711996,24.848372
256,256,21.357756,31,29,30,0.140415,0.119294,2.99894,2.547843,451.378614,414.527314,23.994109,26.674328
257,257,22.11336,32,30,30,0.137028,0.137028,3.030139,3.030139,454.408753,417.557452,25.092334,28.60545
258,258,20.973206,31,30,31,0.110412,0.091607,2.315696,1.921288,456.724449,419.47874,23.772688,26.35324
259,259,21.177838,31,30,31,0.115123,0.095983,2.438058,2.032705,459.162507,421.511445,23.338914,25.362925
260,260,21.448139,32,30,31,0.121398,0.101842,2.603753,2.184311,461.76626,423.695756,23.167568,24.96442
261,261,20.983616,31,30,31,0.110651,0.091828,2.321855,1.926884,464.088115,425.622641,21.772722,22.830353
262,262,22.86754,33,30,31,0.154926,0.133661,3.542782,3.056496,467.630897,428.679136,24.056532,26.448094
263,263,23.299113,34,30,31,0.165188,0.143547,3.84873,3.34451,471.479626,432.023647,25.67047,29.058971
264,264,23.329882,34,30,31,0.165919,0.144253,3.870868,3.365412,475.350494,435.389059,26.09157,29.803901
265,265,23.667629,34,30,31,0.173934,0.152019,4.116601,3.597923,479.467095,438.986982,26.408382,30.328636
266,266,23.993439,35,30,31,0.181641,0.159517,4.358184,3.827359,483.82528,442.81434,27.262017,31.293772
267,267,24.551127,35,32,31,0.150985,0.172335,3.706843,4.231019,487.532123,447.045359,27.452064,31.757918
268,268,24.452751,35,32,34,0.148793,0.109996,3.638389,2.689713,491.170512,449.735072,27.843277,31.849732
269,269,22.794842,33,32,34,0.112271,0.077708,2.559204,1.771342,493.729717,451.506414,24.942136,26.809005
270,270,24.27435,35,32,34,0.14482,0.106393,3.515415,2.582625,497.245132,454.089039,24.860684,26.783836
271,271,23.812437,34,32,34,0.134563,0.097186,3.204276,2.314234,500.449408,456.403273,24.755632,26.095916
272,272,23.633581,34,32,34,0.130608,0.093675,3.086741,2.213872,503.536149,458.617146,23.611791,24.325647
273,273,24.134724,35,32,34,0.141715,0.10359,3.420241,2.500127,506.95639,461.117273,23.81352,24.596608
274,274,24.69644,35,32,34,0.154224,0.114954,3.808774,2.838958,510.765164,463.956231,24.933614,26.243131
275,275,23.02122,33,32,34,0.117179,0.081928,2.697594,1.886083,513.462758,465.842314,22.730302,22.588743
276,276,24.164724,35,32,34,0.142381,0.104191,3.44061,2.517754,516.903368,468.360068,23.217523,23.370066
277,277,22.538312,33,35,34,0.058855,0.073017,1.326496,1.645676,518.229863,470.005744,21.289412,20.001283
278,278,21.813336,32,35,34,0.047642,0.060351,1.039224,1.316446,519.269087,471.322191,19.377704,16.649682
279,279,24.294647,35,35,34,0.08975,0.106802,2.180442,2.594715,521.449529,473.916905,21.389015,20.493641
280,280,23.792106,34,35,34,0.080463,0.096785,1.914378,2.302724,523.363907,476.219629,22.48848,22.237356
281,281,23.847571,34,35,34,0.081473,0.097879,1.942922,2.334187,525.306829,478.553815,23.138734,23.336881
282,282,23.549094,34,35,34,0.076087,0.092028,1.791774,2.167176,527.098603,480.720991,22.917924,23.06666
283,283,23.35596,34,35,34,0.072668,0.088293,1.697237,2.062177,528.79584,482.783168,22.602175,22.519947
284,284,21.618311,32,35,34,0.044813,0.057109,0.968773,1.234606,529.764613,484.017774,20.184068,18.267026
285,285,22.645359,33,35,34,0.060598,0.074962,1.372258,1.697546,531.136871,485.71532,20.326345,18.515526
286,286,22.43315,33,35,34,0.057164,0.071123,1.282369,1.595522,532.41924,487.310842,20.409668,18.604008
287,287,22.883438,33,35,34,0.064547,0.079351,1.477067,1.815823,533.896307,489.126665,21.031869,19.823419
288,288,21.649577,32,35,34,0.045261,0.057624,0.979872,1.247531,534.876179,490.374196,20.002722,18.029526
289,289,20.341611,30,35,34,0.028491,0.03794,0.579563,0.771765,535.455741,491.145961,17.565924,14.029454
290,290,21.33924,31,35,34,0.040913,0.052606,0.873042,1.122573,536.328784,492.268534,18.229105,15.06347
291,291,21.453594,32,35,34,0.042489,0.054432,0.911546,1.167753,537.24033,493.436287,18.915304,16.343054
292,292,20.450012,30,35,34,0.029721,0.039418,0.607802,0.806099,537.848132,494.242387,17.983528,14.985189
293,293,18.945852,29,35,34,0.015362,0.02167,0.29104,0.410561,538.139172,494.652948,16.101065,11.629167
294,294,18.644814,28,35,34,0.013182,0.018854,0.245776,0.351528,538.384947,495.004476,14.38862,9.141837
295,295,19.623597,29,35,34,0.021109,0.028918,0.414229,0.567472,538.799177,495.571948,15.066229,10.77269
296,296,19.63559,29,35,34,0.021221,0.029057,0.416689,0.570558,539.215865,496.142505,16.63415,13.265937
297,297,17.406997,27,35,34,0.006446,0.009808,0.112197,0.170719,539.328062,496.313225,14.634577,9.895722
298,298,17.932759,27,35,34,0.008892,0.013166,0.159455,0.236095,539.487517,496.549319,14.396315,9.77727
299,299,16.529704,26,35,34,0.00353,0.005639,0.058346,0.093217,539.545863,496.642536,12.854545,7.314067
300,300,16.275145,25,35,34,0.002915,0.004727,0.047445,0.076939,539.593307,496.719475,12.03855,6.178861
301,301,16.37498,25,35,34,0.003145,0.005071,0.051503,0.08303,539.64481,496.802505,12.189491,6.734991
302,302,15.641506,25,35,34,0.001748,0.002946,0.027341,0.046081,539.672152,496.848586,11.80754,6.325369
303,303,14.795536,24,35,34,0.000811,0.001443,0.011997,0.021356,539.684149,496.869942,10.986818,5.117681
304,304,16.36785,25,35,34,0.003128,0.005045,0.051204,0.082583,539.735353,496.952524,12.675434,8.620134
305,305,14.791175,24,35,34,0.000807,0.001438,0.011943,0.021265,539.747296,496.97379,12.360144,8.14796
306,306,15.615989,25,35,34,0.00171,0.002887,0.026711,0.04509,539.774007,497.01888,13.345158,10.20643
307,307,14.068482,23,35,34,0.000384,0.000719,0.005405,0.010114,539.779412,497.028994,12.415158,8.641799
308,308,13.467551,22,35,34,0.000194,0.000379,0.002609,0.005099,539.782021,497.034093,11.076458,6.66138
309,309,12.752117,21,35,34,0.000078,0.000162,0.001001,0.002066,539.783022,497.036158,10.188133,5.068596
310,310,11.217791,19,35,34,0.000008,0.000018,0.000087,0.000204,539.783108,497.036362,7.806841,1.200823
311,311,13.156382,21,35,34,0.000132,0.000265,0.001742,0.003485,539.78485,497.039847,9.23421,4.226186
312,312,11.855563,20,35,34,0.000022,0.000048,0.000258,0.000572,539.785108,497.040418,9.04078,4.101822
313,313,11.577629,19,35,34,0.000014,0.000032,0.000163,0.000369,539.78527,497.040788,9.03334,4.276158
314,314,11.339902,19,35,34,0.00001,0.000022,0.000108,0.00025,539.785378,497.041038,8.818475,4.33269
315,315,10.748663,18,35,34,0.000003,0.000008,0.000036,0.000089,539.785415,497.041127,8.612984,4.080345
316,316,10.842954,18,35,34,0.000004,0.00001,0.000044,0.000106,539.785458,497.041233,8.888774,4.80237
317,317,10.57045,18,35,34,0.000002,0.000006,0.000026,0.000064,539.785484,497.041297,8.460997,4.70885
318,318,9.168527,16,32,34,0.000003,0,0.000024,0.000003,539.785508,497.0413,7.160836,2.539929
319,319,8.846044,16,32,34,0.000001,0,0.000012,0.000001,539.78552,497.041302,6.294728,1.24116
320,320,8.720378,16,32,34,0.000001,0,0.000009,0.000001,539.785529,497.041303,6.327145,1.323629
321,321,8.535265,15,32,34,0.000001,0,0.000006,0.000001,539.785535,497.041304,6.087822,1.351703
322,322,9.251521,16,32,30,0.000003,0.00002,0.000029,0.000186,539.785564,497.041489,7.279378,3.800118
323,323,10.425041,18,32,30,0.000027,0.000135,0.00028,0.001406,539.785843,497.042895,9.68523,8.380542
324,324,8.178751,15,32,30,0,0.000002,0.000002,0.000019,539.785846,497.042914,8.579672,6.438177
325,325,8.639203,15,32,30,0.000001,0.000006,0.000007,0.000054,539.785853,497.042967,8.766381,6.771955
326,326,7.460147,14,32,30,0,0,0,0.000003,539.785853,497.04297,6.990936,4.090565
327,327,8.746065,16,32,30,0.000001,0.000008,0.000009,0.000067,539.785863,497.043038,8.252788,6.334401
328,328,8.653355,15,32,30,0.000001,0.000006,0.000008,0.000055,539.78587,497.043093,8.958383,7.679576
329,329,7.352076,14,32,30,0,0,0,0.000002,539.78587,497.043095,7.568305,5.488976
330,330,8.098373,15,32,30,0,0.000002,0.000002,0.000016,539.785872,497.043111,8.188061,6.552555
331,331,9.158449,16,32,30,0.000003,0.000017,0.000024,0.000155,539.785896,497.043266,9.878937,9.680073
332,332,7.725313,14,32,30,0,0.000001,0.000001,0.000006,539.785897,497.043272,8.955929,8.198536
333,333,8.690149,16,32,30,0.000001,0.000007,0.000008,0.00006,539.785905,497.043332,9.683337,9.613859
334,334,9.11537,16,32,30,0.000002,0.000016,0.000022,0.000143,539.785927,497.043474,10.465695,11.218951
335,335,8.454636,15,32,30,0.000001,0.000004,0.000005,0.000036,539.785931,497.04351,10.433162,10.95096
336,336,7.674752,14,32,30,0,0.000001,0.000001,0.000005,539.785932,497.043516,8.902519,8.473788
337,337,8.103144,15,32,30,0,0.000002,0.000002,0.000016,539.785934,497.043531,9.011559,8.490877
338,338,9.451262,17,32,30,0.000005,0.000029,0.000044,0.00027,539.785978,497.043802,10.169008,10.963662
339,339,7.372991,14,32,30,0,0,0,0.000002,539.785978,497.043804,9.035198,8.483472
340,340,8.708954,16,32,30,0.000001,0.000007,0.000009,0.000062,539.785987,497.043866,9.303962,9.330664
341,341,8.884737,16,32,30,0.000001,0.00001,0.000013,0.00009,539.786,497.043956,10.115104,10.647812
342,342,9.607312,17,32,30,0.000006,0.000037,0.000061,0.000359,539.786061,497.044315,11.778662,13.270252
343,343,10.560909,18,32,30,0.000033,0.000164,0.000353,0.00173,539.786414,497.046045,13.358442,16.218085
344,344,9.827015,17,32,30,0.00001,0.000054,0.000093,0.000529,539.786507,497.046574,13.524212,16.215845
345,345,9.997725,17,32,30,0.000013,0.000071,0.000129,0.000707,539.786637,497.047281,13.374876,15.910739
346,346,8.897981,16,32,30,0.000002,0.00001,0.000013,0.000092,539.78665,497.047373,11.472492,12.624168
347,347,9.703736,17,32,30,0.000008,0.000044,0.000074,0.000426,539.786723,497.0478,11.919542,12.963546
348,348,11.434007,19,24,30,0.015353,0.000513,0.175551,0.005869,539.962274,497.053668,13.781712,16.376079
349,349,10.668189,18,24,30,0.008537,0.00019,0.091071,0.002032,540.053345,497.0557,13.768864,16.291869
350,350,10.835389,18,24,30,0.009792,0.000239,0.106104,0.002593,540.159449,497.058293,13.809563,16.243569
351,351,11.495848,19,24,30,0.016028,0.000553,0.184253,0.006354,540.343702,497.064647,14.737824,17.564854
352,352,10.899787,19,24,30,0.010309,0.000261,0.112369,0.002843,540.456071,497.067491,13.617154,15.848859
353,353,12.123091,20,24,30,0.023978,0.00112,0.290692,0.013576,540.746763,497.081067,15.005355,17.906571
354,354,12.21391,20,24,30,0.025299,0.001232,0.309002,0.01505,541.055765,497.096117,15.953102,19.088189
355,355,11.095171,19,24,30,0.011995,0.000337,0.133087,0.003736,541.188852,497.099853,13.963849,15.871737
356,356,11.421015,19,24,30,0.015214,0.000505,0.173761,0.005771,541.362613,497.105624,13.235731,14.591821
357,357,12.788071,21,24,30,0.034637,0.002176,0.442945,0.027829,541.805557,497.133453,14.691695,16.957373
358,358,12.550381,21,24,30,0.030566,0.001732,0.383618,0.02174,542.189175,497.155193,15.250473,17.619794
359,359,13.499608,22,24,30,0.048477,0.004068,0.654423,0.054922,542.843598,497.210115,16.071439,19.234749
